scene_id	sentence_id	start	end	utterance	speaker	utterance_ct	speaker_ct	visual_presence	visual_presence_source	visual_presence_chars	speaker_visual_presence	speaker_visual_ratio	visual_presence_note	annotation_confidence	annotation_review_reason
1	1	2.16	2.64	Here you go.				absent	char_tracker_stage05		unknown			low	missing_speaker
1	2	2.64	3.36	Phoebe's.				present	char_tracker_stage05	rachel	unknown			low	missing_speaker
1	3	3.76	6.32	Who else wants one of my special homemade brownies?	Rachel	Here you go Pheebs. Who else wants one of my special homemade brownies?	Rachel	present	char_tracker_stage05	rachel	present	1.0000		high	
1	4	6.72	7.68	I will have one.	Chandler	I will have one. (Ross and him both take one.)	Chandler	present	char_tracker_stage05	phoebe|rachel	absent	0.0000		low	speaker_offscreen
2	5	9.84	11.2	Yeah, I'm not gonna have one of them.	Chandler	Okay, I’m not gonna have one.	Chandler	present	char_tracker_stage05	ross	absent	0.0000		low	speaker_offscreen
2	6	13.04	14.8	No, no, it's just my tooth.	Phoebe	No, no, it’s just my tooth.	Phoebe	absent	char_tracker_stage05		absent	0.0000		medium	speaker_no_face
2	7	15.2	16.08	All right, I'll have another.	Chandler	All right I’ll have one. (he and Ross take another brownie,)	Chandler	present	char_tracker_stage05	chandler|ross	present	0.5000		high	
2	8	18.32	19.12	So, what's the matter?	Ross	so what's a matter	Ross	present	char_tracker_stage05	chandler|ross	present	1.0000		low	low_speaker_confidence
2	9	19.12	20.0	You need a dentist?	Ross	So what's a matter, you need a dentist	Ross	present	char_tracker_stage05	chandler|ross	present	1.0000		medium	
2	10	20.0	20.88	I've got a good one.	Ross	So what’s a matter, you need a dentist? I’ve got a good one.	Ross	present	char_tracker_stage05	chandler|phoebe|ross	present	1.0000		medium	
2	11	21.2	21.56	Thanks.				present	char_tracker_stage05	phoebe	unknown			low	missing_speaker
2	12	21.56	22.48	I have a good one too.	Phoebe	No thanks, I have a good one too. I just, I, I can’t see him.	Phoebe	present	char_tracker_stage05	phoebe	present	1.0000		medium	
2	13	22.48	22.88	I just.	Phoebe	I just, I, I can't see him	Phoebe	present	char_tracker_stage05	phoebe	present	1.0000		medium	
2	14	22.88	24.8	I can't see him.	Phoebe	i i can't see him	Phoebe	present	char_tracker_stage05	phoebe	present	1.0000		low	low_speaker_confidence
2	15	25.04	27.36	See, that is the problem with invisible dentists.				present	char_tracker_stage05	chandler|rachel|ross	unknown			low	missing_speaker
2	16	28.82	29.02	Now.				present	char_tracker_stage05	chandler|rachel|ross	unknown			low	missing_speaker
2	17	29.02	33.54	It's very unsettling to see all those metal tools just, you know, flying around.	Chandler	See that is the problem with invisible dentists.  Y'know, it's very unsettling to see all those metal tools just y'know.....flying around.	Chandler	present	char_tracker_stage05	chandler|rachel|ross	present	1.0000		medium	
2	18	36.26	36.62	Why?	Ross	Why	Ross	present	char_tracker_stage05	chandler|phoebe|ross	present	1.0000		medium	
2	19	36.62	37.7	Why can't you go to them?	Ross	Why? Why can’t you go to him?	Ross	present	char_tracker_stage05	chandler|phoebe|ross	present	1.0000		high	
2	20	37.94	42.42	Because every time I go to the dentist, somebody dies.	Phoebe	Because, every time I go to the dentist, somebody dies.	Phoebe	present	char_tracker_stage05	phoebe	present	1.0000		high	
2	21	44.1	45.18	That is so weird.	Chandler	that is so weird	Chandler	present	char_tracker_stage05	chandler|ross	present	1.0000		low	low_speaker_confidence
2	22	45.18	48.9	Because every time I go to the dentist I look down the hygienist blouse.	Chandler	That is so weird, because every time I go to the dentist, I look down the hygienist’s blouse.	Chandler	present	char_tracker_stage05	chandler|ross	present	1.0000		high	
2	23	50.1	50.66	Phoebe.	Rachel	Phoebe, what? Umm...what?!	Rachel	present	char_tracker_stage05	chandler|phoebe|rachel|ross	present	1.0000		medium	
2	24	50.66	51.06	What?	Rachel	what umm what	Rachel	present	char_tracker_stage05	chandler|phoebe|rachel|ross	present	1.0000		low	low_speaker_confidence
2	25	52.74	53.14	What?	Rachel	umm what	Rachel	present	char_tracker_stage05	chandler|phoebe|rachel|ross	present	1.0000		low	low_speaker_confidence
2	26	53.54	54.38	Yeah, yeah.				present	char_tracker_stage05	chandler|phoebe|rachel|ross	unknown			low	missing_speaker
2	27	54.38	55.86	First it was my Aunt Mary.				present	char_tracker_stage05	phoebe	unknown			low	missing_speaker
2	28	56.14	58.3	And then there was John, my mailman.	Phoebe	Yeah, yeah, first there was my aunt Mary, and then there was umm, John, my mailman, and then my, my cowboy friend ‘Albino Bob’.	Phoebe	present	char_tracker_stage05	phoebe	present	1.0000		medium	
2	29	58.46	61.02	And then my cowboy friend, Albino Bob.				present	char_tracker_stage05	phoebe	unknown			low	missing_speaker
2	30	62.54	64.46	And all of these people actually died?	Rachel	And all these people actually died?	Rachel	present	char_tracker_stage05	chandler|rachel|ross	present	1.0000		high	
2	31	64.7	66.46	Yes, while I was in the chair.	Phoebe	Yes, while I was in the chair	Phoebe	present	char_tracker_stage05	phoebe	present	1.0000		medium	
2	32	67.1	69.18	That's why I take such good care of my teeth now.	Phoebe	Yes, while I was in the chair! That’s why I take such good care of my teeth now, y'know, it’s not about oral hygiene, I floss to save lives!	Phoebe	present	char_tracker_stage05	phoebe	present	1.0000		medium	
2	33	69.18	70.74	You know, it's not about oral hygiene.				present	char_tracker_stage05	phoebe	unknown			low	missing_speaker
2	34	70.74	71.98	I floss to save lives.				present	char_tracker_stage05	phoebe	unknown			low	missing_speaker
2	35	73.66	74.58	Phoebs, come on.				present	char_tracker_stage05	chandler|rachel|ross	unknown			low	missing_speaker
2	36	74.58	75.82	You didn't kill anybody.	Ross	pheebs come on you didn't kill anybody it's it's it's just ah a coincidence	Ross	present	char_tracker_stage05	chandler|rachel|ross	present	1.0000		low	low_speaker_confidence
2	37	75.82	78.94	These people just happened to die when you went to the dentist.	Ross	Pheebs, come on, you didn’t kill anybody, these people just happened to die when you went to the dentist. It’s, it’s, it’s just ah, a coincidence.	Ross	present	char_tracker_stage05	chandler|rachel|ross	present	1.0000		medium	
2	38	79.18	80.86	It's just a coincidence.	Ross	It's, it's, it's just ah, a coincidence	Ross	present	char_tracker_stage05	chandler|rachel|ross	present	1.0000		medium	
2	39	80.94	82.14	Well, tell that to them.	Phoebe	Well tell that to them. Oh! You can’t, their dead.	Phoebe	present	char_tracker_stage05	chandler|phoebe|rachel|ross	present	0.6667		medium	
2	40	82.14	83.02	Oh, you can't.	Phoebe	Oh	Phoebe	present	char_tracker_stage05	phoebe	present	1.0000		medium	
2	41	83.02	83.66	They're dead.	Phoebe	You can't, their dead	Phoebe	present	char_tracker_stage05	phoebe	present	1.0000		medium	
2	42	94.97	95.77	Thanks, Gunther.				absent	char_tracker_stage05		unknown			low	missing_speaker
2	43	96.09	96.53	Hi.				absent	char_tracker_stage05		unknown			low	missing_speaker
4	44	96.53	96.97	Hey.	Ross	Hey	Ross	absent	char_tracker_stage05		absent	0.0000		medium	speaker_no_face
4	45	97.69	98.89	Can I get a napkin too?	Ross	Thanks, Gunther. (takes the plate Gunther serves him and Rachel comes up and kisses him) (to Rachel) Hey! (to Gunther) Umm, can I get a napkin too?	Ross	absent	char_tracker_stage05		absent	0.0000		medium	speaker_no_face
4	46	99.13	101.13	Oh, like you don't already have everything.	Gunther	Oh, like you don’t already have everything.	Gunther	partial	char_tracker_stage05		unobserved			high	
4	47	103.45	103.93	Ow.	Phoebe	ow	Phoebe	present	char_tracker_stage05	phoebe|ross	present	1.0000		low	low_speaker_confidence
4	48	104.81	105.29	Ow.	Phoebe	(trying to bite into an apple) Ow! Ow! (drops the apple in disgust.)	Phoebe	present	char_tracker_stage05	phoebe	present	1.0000		medium	
4	49	106.57	107.81	Phoebe, you're in pain.	Rachel	phoebe you're in pain just go	Rachel	present	char_tracker_stage05	phoebe	absent	0.0000		low	speaker_offscreen
4	50	107.81	109.77	Would you just go to the dentist?	Rachel	Phoebe, you're in pain, would you just go to the dentist, just go.	Rachel	partial	char_tracker_stage05		absent	0.0000		medium	speaker_no_face
4	51	109.77	110.49	Just go.	Rachel	phoebe you're in pain just go	Rachel	absent	char_tracker_stage05		absent	0.0000		low	speaker_no_face
4	52	111.05	112.21	All right, fine, Fine.	Phoebe	all right fine fine	Phoebe	present	char_tracker_stage05	phoebe	present	0.5000		low	low_speaker_confidence
4	53	112.21	116.33	But if you're my next victim, don't come back as a poltergeist who, like, sucks me into the TV set.	Phoebe	All right, fine, fine, but if you’re my next victim, don’t come back as a poltergeist and like suck me into the TV set.	Phoebe	present	char_tracker_stage05	phoebe	present	1.0000		high	
4	54	118.07	118.47	Promise.	Rachel	I promise.	Rachel	present	char_tracker_stage05	phoebe|rachel	present	1.0000		high	
4	55	118.63	120.23	Although, don't feel like you can't visit.	Phoebe	Although, don’t feel like you can’t visit.	Phoebe	present	char_tracker_stage05	phoebe|rachel	present	1.0000		high	
4	56	123.11	124.79	Hey, is Chandler here?	Joey	(entering with Monica) Hey, is, is, is Chandler here?	Joey	present	char_tracker_stage05	joey|monica	present	1.0000		high	
4	57	127.11	127.43	No.	Ross	no	Ross	present	char_tracker_stage05	joey	absent	0.0000		low	speaker_offscreen
4	58	127.43	128.15	No, he's not.	Ross	(patting his clothes like he is looking for his wallet) No, no he’s not.	Ross	present	char_tracker_stage05	joey	absent	0.0000		low	speaker_offscreen
4	59	129.91	134.39	You guys, Joey just saw Janice kissing her ex husband.	Monica	You guys, Joey just saw Janice kissing her ex-husband.	Monica	partial	char_tracker_stage05		absent	0.0000		medium	speaker_no_face
4	60	134.95	135.35	What?				absent	char_tracker_stage05		unknown			low	missing_speaker
4	61	135.43	135.91	Oh.				absent	char_tracker_stage05		unknown			low	missing_speaker
4	62	136.15	137.07	So, what are you gonna do?	Ross	So what are you going to do	Ross	present	char_tracker_stage05	ross	present	1.0000		medium	
4	63	137.07	138.79	I mean, how are you gonna tell Chandler?	Ross	What? (to Joey) So what are you going to do? I mean how, how are you going to tell Chandler?	Ross	present	char_tracker_stage05	ross	present	1.0000		medium	
4	64	138.95	143.43	Well, I was thinking about that, and I think the best way would be to not.	Joey	Well, I was thinking about that and I, I think the best way would be, to not.	Joey	present	char_tracker_stage05	joey|ross	present	0.8333		high	
4	65	144.9	146.22	Jo, you can't keep this to yourself.	Rachel	joey you can't keep this to yourself	Rachel	present	char_tracker_stage05	rachel|ross	present	0.6667		low	low_speaker_confidence
4	66	146.22	148.1	If you know about this, you have to tell him.	Rachel	Joey, you can’t keep this to yourself, if you know about this, you have to tell him.	Rachel	present	char_tracker_stage05	rachel	present	1.0000		high	
4	67	148.18	148.94	It'll kill him.	Joey	It'll kill him	Joey	present	char_tracker_stage05	joey|rachel	present	1.0000		medium	
4	68	148.94	150.34	I mean, it'll just kill him.	Joey	It’ll kill him. I mean it’ll, it’ll just kill him.	Joey	present	char_tracker_stage05	joey	present	1.0000		high	
4	69	150.5	152.18	Well, you could wait till I go to the dentist.	Phoebe	Well, you could wait ‘til I go to the dentist, maybe I’ll kill him.	Phoebe	present	char_tracker_stage05	phoebe	present	1.0000		high	
4	70	152.18	153.06	Maybe I'll kill him.	Phoebe	maybe i'll kill him	Phoebe	present	char_tracker_stage05	phoebe	present	1.0000		low	low_speaker_confidence
5	71	157.62	161.18	Oh, Ugly Naked Guy's using his new hammock.	Joey	(looking out the window) Ewww! Ugly Naked Guy is using his new hammock. It’s like a Play-Doo Fat Factory.	Joey	present	char_tracker_stage05	joey	present	0.6000		medium	
5	72	161.18	162.02	It's like a play.	Joey	It's like a Play-Doo Fat Factory	Joey	present	char_tracker_stage05	joey	present	1.0000		medium	
5	73	162.02	162.42	D'oh.				present	char_tracker_stage05	joey	unknown			low	missing_speaker
5	74	162.42	163.3	Fat Factory.				present	char_tracker_stage05	joey	unknown			low	missing_speaker
5	75	165.06	166.02	Going to the dentist.				absent	char_tracker_stage05		unknown			low	missing_speaker
5	76	166.02	167.06	So listen, okay?				present	char_tracker_stage05	phoebe	unknown			low	missing_speaker
5	77	167.22	171.06	Just be on the lookout for anything that you could fall into.				present	char_tracker_stage05	phoebe	unknown			low	missing_speaker
5	78	171.95	172.19	Or.				present	char_tracker_stage05	phoebe	unknown			low	missing_speaker
5	79	172.19	174.11	Or that can fall on you.				present	char_tracker_stage05	phoebe	unknown			low	missing_speaker
5	80	174.59	177.15	Or just look out.				present	char_tracker_stage05	phoebe	unknown			low	missing_speaker
5	81	177.95	178.51	Okay?				present	char_tracker_stage05	monica|phoebe|rachel	unknown			low	missing_speaker
5	82	178.83	180.67	And I also just wanna.				present	char_tracker_stage05	monica|phoebe|rachel	unknown			low	missing_speaker
5	83	181.79	183.55	I just wanna tell you all that.	Phoebe	Well, I’m going to the dentist, so listen, okay, just be on the look out for anything that, that, that you can fall into, or, or that can fall on you, or... All right, just look out! Okay, And um, I also just wanna, I just wanna tell you all that um...... (starts to cry and runs out)	Phoebe	present	char_tracker_stage05	phoebe	present	1.0000		medium	
5	84	190.27	190.87	Okay?	Ross	okay	Ross	present	char_tracker_stage05	ross	present	1.0000		low	low_speaker_confidence
5	85	190.87	191.67	I have a problem.	Ross	okay i have a problem	Ross	present	char_tracker_stage05	ross	present	1.0000		low	low_speaker_confidence
5	86	191.67	193.39	I have to go into work for a few hours.	Ross	okay i have a problem i have to go into work for a few hours	Ross	partial	char_tracker_stage05		partial	0.3333		low	partial_visual_presence
5	87	193.63	196.03	Some kids messed up the Homo sapien display.	Ross	Okay, I have a problem I have to go into work for a few hours, some kids messed up the Homo Sapien display.	Ross	partial	char_tracker_stage05		absent	0.0000		medium	speaker_no_face
5	88	196.51	197.35	What'd they do?	Joey	What did they do?	Joey	present	char_tracker_stage05	joey|ross	present	1.0000		medium	
5	89	197.35	200.19	Well, they painted over the word sapien, for one thing.	Ross	Well, they painted over the word ‘Sapien’ for one thing, then they rearranged the figures, let’s just leave it at that.	Ross	present	char_tracker_stage05	ross	present	1.0000		medium	
5	90	201.79	204.85	Then they rearrange the figures.	Ross	then they rearranged the figures let's just leave it at that	Ross	present	char_tracker_stage05	joey|monica|rachel|ross	present	1.0000		low	low_speaker_confidence
5	91	204.85	205.89	Let's just leave it at that.	Ross	let's just leave it at that	Ross	present	char_tracker_stage05	joey|ross	present	1.0000		low	low_speaker_confidence
5	92	207.17	208.73	So do you want me to watch Ben for you?	Monica	So, do you want me to watch Ben for you?	Monica	present	char_tracker_stage05	monica|rachel	present	1.0000		high	
5	93	208.73	210.25	Yes, that's what I was gonna ask.	Ross	Yes, that’s what I was going to ask, thank you.	Ross	present	char_tracker_stage05	monica|rachel|ross	present	0.6667		medium	
5	94	210.25	210.77	Thank you.	Ross	going to ask thank you	Ross	present	char_tracker_stage05	monica|rachel|ross	present	1.0000		low	low_speaker_confidence
5	95	210.77	211.49	Whoa, wait.	Rachel	Wait	Rachel	present	char_tracker_stage05	monica|rachel|ross	present	1.0000		medium	
5	96	211.49	211.97	Hello.	Rachel	Hello	Rachel	present	char_tracker_stage05	monica|rachel|ross	present	1.0000		medium	
5	97	212.53	213.33	What about me?	Rachel	Whoa! Wait! Hello! What about me?	Rachel	present	char_tracker_stage05	monica|rachel|ross	present	1.0000		medium	
5	98	213.81	214.21	You.	Ross	you	Ross	present	char_tracker_stage05	monica|rachel|ross	present	1.0000		low	low_speaker_confidence
5	99	214.53	217.01	You want to watch Ben?	Ross	you you want to watch ben	Ross	present	char_tracker_stage05	ross	present	1.0000		low	low_speaker_confidence
5	100	221.57	222.85	Yes, that'd be great.	Ross	you you want to watch ben yes that'd be great	Ross	present	char_tracker_stage05	ross	present	1.0000		low	low_speaker_confidence
5	101	222.93	226.45	No, I just asked Monica because I know how empty her life is.	Ross	You? You! Want to watch Ben? (in the background Monica mouths ‘Don’t worry, I’ll be here the whole time.’ to Ross.) Yes! That’d be great, no, I just wanted to ask Monica, because I know how empty her life is. (Monica sarcastically mouths ‘Yeah!’ and holds up her thumb.)	Ross	present	char_tracker_stage05	joey|ross	present	1.0000		medium	
5	102	230.93	231.53	Hey, Ross.	Joey	Hey-hey, Ross?	Joey	absent	char_tracker_stage05		absent	0.0000		medium	speaker_no_face
5	103	231.53	231.89	Yeah?	Ross	Yeah.	Ross	absent	char_tracker_stage05		absent	0.0000		medium	speaker_no_face
5	104	231.89	233.01	I got a science question.	Joey	I’ve got a science question.	Joey	partial	char_tracker_stage05		partial	0.3333		medium	partial_visual_presence
5	105	233.94	242.26	If the Homo sapiens were, in fact, Homo sapiens is that why they're extinct?	Joey	If the Homo Sapiens, were in fact ‘Homo-sapien’, is that why there extinct?	Joey	present	char_tracker_stage05	joey	present	1.0000		high	
5	106	246.18	248.82	Joey, Homo sapiens are people.	Ross	Joey, Homo Sapiens are people.	Ross	present	char_tracker_stage05	ross	present	1.0000		high	
5	107	249.699	251.14	Hey, I'm not judging.	Joey	Hey-hey, I’m not judging.	Joey	present	char_tracker_stage05	joey	present	1.0000		high	
5	108	253.94	254.7	Look, Betty.				present	char_tracker_stage05	joey	unknown			low	missing_speaker
5	109	254.7	255.38	Spoon.				absent	char_tracker_stage05		unknown			low	missing_speaker
5	110	256.66	257.38	Spoon.				absent	char_tracker_stage05		unknown			low	missing_speaker
5	111	259.92	260.32	Come on.				present	char_tracker_stage05	rachel	unknown			low	missing_speaker
5	112	260.32	261.12	All right, you know what?				present	char_tracker_stage05	rachel	unknown			low	missing_speaker
6	113	261.12	262.0	I think he's bored.	Rachel	(holding Ben) Look Benny, spoon. (moves it back and forth) Spoon. Come on! All right, y'know what I think he’s bored.	Rachel	present	char_tracker_stage05	rachel	present	1.0000		medium	
6	114	263.28	263.68	Here.	Monica	Here	Monica	present	char_tracker_stage05	monica|rachel	present	1.0000		medium	
6	115	263.84	265.68	Ben, wanna play the airplane game?	Monica	Here. Ben, do you wanna play the airplane game, do you wanna show Rachel? Come here. (takes Ben) We’re gonna do something fun. Okay. (throws Ben up in the air a little bit and catches him) Weee!! (moves into the living room and does it again) Weee!! (starts to walk back into the kitchen as she does it again, and hits Ben’s head on that wooden beam across the ceiling.)	Monica	present	char_tracker_stage05	monica	present	1.0000		medium	
6	116	265.68	266.88	You wanna show Rachel?	Monica	here ben do you do you wanna show rachel come here we're gonna do something fun okay weee weee	Monica	present	char_tracker_stage05	monica	present	1.0000		low	low_speaker_confidence
6	117	267.04	267.68	Come here.				present	char_tracker_stage05	monica	unknown			low	missing_speaker
6	118	267.68	268.88	You gonna do something fun?				present	char_tracker_stage05	monica	unknown			low	missing_speaker
6	119	269.04	269.68	Okay.				absent	char_tracker_stage05		unknown			low	missing_speaker
6	120	270.08	270.48	Wee.				absent	char_tracker_stage05		unknown			low	missing_speaker
6	121	270.88	271.52	Haw.				absent	char_tracker_stage05		unknown			low	missing_speaker
6	122	273.76	274.24	Whee.				absent	char_tracker_stage05		unknown			low	missing_speaker
6	123	274.8	275.36	Haw.				absent	char_tracker_stage05		unknown			low	missing_speaker
6	124	281.28	282.48	Oh, so brave.	Monica	who's so brave	Monica	present	char_tracker_stage05	monica	present	0.5000		low	low_speaker_confidence
6	125	282.56	283.76	You're so brave.	Monica	who's so brave you're so brave	Monica	absent	char_tracker_stage05		absent	0.0000		low	speaker_no_face
6	126	283.76	284.48	Yes, you are.	Monica	who's so brave yes you are you're so brave	Monica	present	char_tracker_stage05	monica	present	0.5000		low	low_speaker_confidence
7	127	284.48	285.44	You're so brave.	Monica	(to Ben) Who’s so brave, you’re so brave, yes you are, you’re so brave.	Monica	present	char_tracker_stage05	monica	present	1.0000		medium	
7	128	285.52	287.36	Okay, honey, he's fine.				present	char_tracker_stage05	monica	unknown			low	missing_speaker
7	129	287.36	287.84	He's fine.				present	char_tracker_stage05	monica	unknown			low	missing_speaker
7	130	287.84	288.68	Let's just put him down.				present	char_tracker_stage05	monica	unknown			low	missing_speaker
7	131	288.68	289.56	Come here, babe.				present	char_tracker_stage05	monica	unknown			low	missing_speaker
7	132	289.56	289.92	Yes.				present	char_tracker_stage05	monica	unknown			low	missing_speaker
7	133	289.92	290.8	You're such a.				present	char_tracker_stage05	monica	unknown			low	missing_speaker
7	134	292.22	293.66	How could you do that to him?	Rachel	Okay. Okay honey, he’s fine, he’s fine, let’s just put him down. Come here, Ben. (sets him on the couch) See that’s a good boy. (to Monica) How could you do that to him!! Ross trusted me, what is he going to say?!	Rachel	present	char_tracker_stage05	rachel	present	1.0000		medium	
7	135	294.3	295.46	Ross trusted me.	Rachel	Ross trusted me, what is he going to say	Rachel	present	char_tracker_stage05	rachel	present	1.0000		medium	
7	136	295.46	296.34	What is he gonna say?	Rachel	what is he going to say	Rachel	present	char_tracker_stage05	monica|rachel	present	1.0000		low	low_speaker_confidence
7	137	296.34	298.74	He's not gonna say anything because we're not gonna tell him.	Monica	He’s not gonna say anything, because we’re not gonna tell him.	Monica	present	char_tracker_stage05	monica|rachel	present	1.0000		high	
7	138	298.74	299.26	We're not?	Rachel	We’re not?!	Rachel	present	char_tracker_stage05	monica|rachel	present	1.0000		high	
7	139	299.34	300.02	No, we're not.	Monica	No we’re not.	Monica	present	char_tracker_stage05	rachel	absent	0.0000		low	speaker_offscreen
7	140	300.02	300.42	All right.	Rachel	all right	Rachel	present	char_tracker_stage05	rachel	present	1.0000		low	low_speaker_confidence
7	141	300.42	301.02	I like that.	Rachel	All right, I like that.	Rachel	present	char_tracker_stage05	rachel	present	1.0000		high	
7	142	302.78	303.74	So we're okay?				present	char_tracker_stage05	monica|rachel	unknown			low	missing_speaker
7	143	303.74	304.38	We're okay.	Monica	Okay.	Monica	present	char_tracker_stage05	monica	present	1.0000		medium	
7	144	304.38	305.34	We're okay, Aren't we?				present	char_tracker_stage05	monica	unknown			low	missing_speaker
7	145	305.34	306.02	No, we're not okay.				present	char_tracker_stage05	rachel	unknown			low	missing_speaker
7	146	306.02	306.5	We're not okay.				present	char_tracker_stage05	rachel	unknown			low	missing_speaker
7	147	306.5	307.02	There's a bump.				present	char_tracker_stage05	rachel	unknown			low	missing_speaker
7	148	307.02	308.38	There's a bump, there's a bump.	Rachel	So we’re okay, we’re okay, we’re okay, (starts to exam Ben) aren’t we? No, we’re not okay, we’re not okay, there’s a bump, there’s a bump.	Rachel	present	char_tracker_stage05	monica|rachel	present	1.0000		medium	
7	149	309.02	309.74	Oh, my God.	Monica	Oh my God	Monica	present	char_tracker_stage05	monica|rachel	present	1.0000		medium	
7	150	309.9	310.58	Push it in.	Monica	Well push it in	Monica	present	char_tracker_stage05	monica|rachel	present	1.0000		medium	
7	151	310.58	311.34	Push it in.	Monica	Oh my God! Well push it in! Push it in!	Monica	present	char_tracker_stage05	monica|rachel	present	1.0000		medium	
7	152	311.74	313.82	I cannot push it in.	Rachel	I cannot push it in!	Rachel	partial	char_tracker_stage05		partial	0.3333		medium	partial_visual_presence
7	153	315.42	317.34	Okay, we're gonna need a distraction.	Monica	Okay, we’re gonna need a distraction.	Monica	present	char_tracker_stage05	monica|rachel	present	0.6667		high	
7	154	317.34	318.22	Okay, that's it.	Rachel	Okay, okay, okay.	Rachel	present	char_tracker_stage05	monica|rachel	present	1.0000		medium	
7	155	318.3	319.67	Okay, I got it.	Monica	I got it!	Monica	present	char_tracker_stage05	monica|rachel	present	1.0000		high	
7	156	319.67	321.99	Okay, the second that Ross walks in that door.				present	char_tracker_stage05	monica	unknown			low	missing_speaker
7	157	321.99	322.31	Yeah?				present	char_tracker_stage05	monica	unknown			low	missing_speaker
7	158	322.31	326.63	I want you to take him back to your bedroom and you do whatever it is that you do that makes him go reee.	Monica	The second that Ross walks in that door, I want you take him back to your bedroom and do whatever it is that you do that makes him go, (high pitched) rweee!!	Monica	present	char_tracker_stage05	monica	present	1.0000		high	
7	159	329.19	333.91	Or we could put a hat on his head.	Rachel	Or. We could put a hat on his head.	Rachel	present	char_tracker_stage05	rachel	present	1.0000		high	
7	160	334.47	335.349	A hat?	Monica	A hat	Monica	present	char_tracker_stage05	monica|rachel	present	1.0000		medium	
7	161	335.59	336.07	Yes.	Monica	Yes	Monica	present	char_tracker_stage05	monica	present	1.0000		medium	
7	162	336.39	337.03	We need a hat.	Monica	A hat! Yes! We need a hat.	Monica	present	char_tracker_stage05	monica|rachel	present	1.0000		high	
7	163	337.03	337.55	We need a hat.	Rachel	We need a hat..	Rachel	present	char_tracker_stage05	monica|rachel	present	1.0000		high	
7	164	337.55	339.03	Where are we gonna find a tiny little hat?	Monica	Where are we gonna find a tiny little hat?	Monica	present	char_tracker_stage05	monica|rachel	present	1.0000		high	
7	165	339.03	339.63	Oh, oh.				present	char_tracker_stage05	monica|rachel	unknown			low	missing_speaker
7	166	339.63	340.79	I'll get Rainy Daybear.	Rachel	Oh, oh, oh, I’ll get ‘Rainy Day Bear’!! (runs to get him)	Rachel	present	char_tracker_stage05	monica|rachel	present	0.5000		medium	
7	167	341.11	342.39	Because he'll know what to do.	Monica	Because he’ll know what to do? (Rachel comes out of her room with a bear that’s dressed in a rain suit.) Oh my God, you’re a genius!	Monica	absent	char_tracker_stage05		absent	0.0000		medium	speaker_no_face
7	168	343.75	344.51	Oh, my God.	Monica	Oh my God, you're a genius	Monica	absent	char_tracker_stage05		absent	0.0000		medium	speaker_no_face
7	169	344.51	345.35	You're a genius.	Monica	you're a genius	Monica	absent	char_tracker_stage05		absent	0.0000		low	speaker_no_face
7	170	345.43	346.15	Oh, God.	Rachel	Oh God, oh God, it’s sowed on though.	Rachel	absent	char_tracker_stage05		absent	0.0000		medium	speaker_no_face
7	171	346.15	347.6	It's kind of sewn on, though.				present	char_tracker_stage05	monica	unknown			low	missing_speaker
7	172	347.6	348.4	Give it, give it.	Monica	Give it. Give it.	Monica	present	char_tracker_stage05	monica	present	1.0000		high	
7	173	348.4	348.96	Okay.	Rachel	Okay.	Rachel	present	char_tracker_stage05	monica	absent	0.0000		low	speaker_offscreen
8	174	349.44	355.84	Oh, it's just like a bloodbath in here today.	Rachel	Oh, it’s just like a bloodbath in here today.	Rachel	present	char_tracker_stage05	monica|rachel	present	0.8571		high	
8	175	362.0	362.84	Hey, hold on a sec.	Chandler	hold on a minute	Chandler	present	char_tracker_stage05	joey	absent	0.0000		low	speaker_offscreen
9	176	362.84	363.44	Hold on a second.	Chandler	Hold on a minute, hold on a second	Chandler	present	char_tracker_stage05	joey	absent	0.0000		low	speaker_offscreen
9	177	366.0	367.52	Do you think these pearls are nice?	Chandler	Hey! Hold on a minute, hold on a second. Do you think these pearls are nice?	Chandler	present	char_tracker_stage05	joey	absent	0.0000		low	speaker_offscreen
9	178	368.56	370.16	I'd really prefer a mountain bike.	Joey	I’d really prefer a mountain bike.	Joey	present	char_tracker_stage05	joey	present	1.0000		high	
9	179	371.76	373.28	Janice's birthday is coming up.	Chandler	janice's birthday is coming up come in here with me	Chandler	present	char_tracker_stage05	chandler	present	1.0000		low	low_speaker_confidence
9	180	373.28	374.48	I want to get her something special.	Chandler	Janice’s birthday is coming up, I want to get her something special. Come in here with me.	Chandler	present	char_tracker_stage05	chandler	present	1.0000		medium	
9	181	376.75	377.35	Come in here with me.	Chandler	Come in here with me	Chandler	present	char_tracker_stage05	joey	absent	0.0000		low	speaker_offscreen
9	182	377.35	378.23	Whoa, whoa, whoa, Wait.				absent	char_tracker_stage05		unknown			low	missing_speaker
9	183	378.23	378.59	Whoa.				absent	char_tracker_stage05		unknown			low	missing_speaker
9	184	381.15	382.51	You want to get her something special.	Joey	whoa whoa whoa wait whoa do you ah want to get her something special girls love gum	Joey	present	char_tracker_stage05	joey	present	1.0000		low	low_speaker_confidence
9	185	382.83	384.87	Get her flowers, get her candy, get her gum.	Joey	Whoa, whoa, whoa, wait, whoa. Do you ah, want to get her something special, get her flowers, get her candy, get her gum, girls love gum.	Joey	present	char_tracker_stage05	joey	present	1.0000		medium	
9	186	384.87	385.87	Girls love gum.				present	char_tracker_stage05	joey	unknown			low	missing_speaker
9	187	387.23	388.27	That's a good idea.	Chandler	that's a good idea 'dear birthday'	Chandler	present	char_tracker_stage05	chandler	present	1.0000		low	low_speaker_confidence
9	188	388.43	390.51	Dear Janice, have a Hubba Bubba birthday.	Chandler	That's a good idea, 'Dear Janice have a Hubba-Bubba birthday'	Chandler	present	char_tracker_stage05	chandler	present	1.0000		medium	
9	189	392.11	394.11	I would like to get her something serious.	Chandler	That’s a good idea, ‘Dear Janice have a Hubba-Bubba birthday’. I would like to get her something serious.	Chandler	present	char_tracker_stage05	chandler	present	1.0000		medium	
9	190	394.51	396.43	Oh, you want something serious?				present	char_tracker_stage05	chandler	unknown			low	missing_speaker
9	191	396.99	398.11	You know what you should do?				present	char_tracker_stage05	chandler|joey	unknown			low	missing_speaker
9	192	398.43	401.96	You should get her one of those barium enemas.	Joey	Oh, you want something serious. Y'know what you should do, you should get her one of those um, barium enemas. Those are dead serious. And y'know she'll never get one for herself.	Joey	present	char_tracker_stage05	joey	present	1.0000		medium	
9	193	404.28	407.44	Those are dead serious, you know.	Joey	Those are dead serious	Joey	present	char_tracker_stage05	joey	present	1.0000		medium	
9	194	407.44	409.72	And you know she'll never get one for herself.	Joey	And y'know she'll never get one for herself	Joey	present	char_tracker_stage05	joey	present	1.0000		medium	
9	195	411.24	414.44	Look, I'm gonna go in here and you don't buy me anything ever.	Chandler	All right. Look, I’m gonna go in here, and you don’t buy me anything ever. (starts to go into the store)	Chandler	present	char_tracker_stage05	chandler	present	1.0000		high	
9	196	414.92	416.6	No, no, you can't, you can't, okay?	Joey	no no you can't you can't okay	Joey	present	char_tracker_stage05	chandler	absent	0.0000		low	speaker_offscreen
9	197	416.6	418.08	You can't, you can't buy her pearls.	Joey	no no you can't you can't okay you can't you can't buy her pearls	Joey	partial	char_tracker_stage05		partial	0.3333		low	partial_visual_presence
9	198	418.08	419.88	You just can't, you can't, you can't, you can't.	Joey	(stopping him) No, no, you can’t, you can’t, okay, you can’t, you can’t buy her pearls, you just can’t, you can’t, you can’t.	Joey	present	char_tracker_stage05	joey	present	1.0000		medium	
9	199	420.6	421.24	Why not?	Chandler	Why not?!	Chandler	present	char_tracker_stage05	joey	absent	0.0000		low	speaker_offscreen
9	200	423.72	424.44	Oh, God.	Joey	Oh God	Joey	present	char_tracker_stage05	chandler|joey	present	1.0000		medium	
9	201	424.52	427.65	Uh, okay, here's the thing.	Joey	Oh God. Uh, okay, here’s the thing, this is the thing, okay, the thing is...	Joey	present	char_tracker_stage05	chandler|joey	present	1.0000		medium	
9	202	429.41	430.21	This is the thing.	Joey	oh god this is the thing okay the thing is	Joey	present	char_tracker_stage05	chandler|joey	present	1.0000		low	low_speaker_confidence
9	203	430.93	431.69	Okay, the thing is.	Joey	oh god okay the thing is	Joey	present	char_tracker_stage05	chandler|joey	present	1.0000		low	low_speaker_confidence
9	204	431.69	432.21	What is the thing?	Chandler	What is the thing?	Chandler	present	char_tracker_stage05	chandler|joey	present	1.0000		high	
9	205	432.21	440.53	Okay, I went down to the Mattress King showroom and I saw Janice kissing her ex husband.	Joey	Okay. I went down to the ‘Mattress King’ showroom and, and I saw Janice, kissing her ex-husband.	Joey	present	char_tracker_stage05	joey	present	1.0000		high	
9	206	442.77	443.17	What?	Chandler	(shocked) What?	Chandler	present	char_tracker_stage05	chandler	present	1.0000		high	
9	207	444.21	445.25	They were in his office.	Joey	They were in his office.	Joey	present	char_tracker_stage05	chandler	absent	0.0000		low	speaker_offscreen
9	208	449.09	451.01	Well, she wouldn't do that.	Chandler	Well she, she wouldn’t do that, she’s with, she’s with me.	Chandler	present	char_tracker_stage05	chandler	present	1.0000		medium	
9	209	451.25	452.13	She's with me.	Chandler	she's with she's with me	Chandler	present	char_tracker_stage05	chandler|joey	present	1.0000		low	low_speaker_confidence
9	210	452.56	454.04	I'm telling you, man, I saw it.	Joey	I’m telling you man, I saw it.	Joey	present	char_tracker_stage05	chandler|joey	present	1.0000		high	
9	211	454.04	455.6	Yeah, well, you're wrong, okay?	Chandler	Yeah, well, you’re wrong! Okay, you’re wrong.	Chandler	present	char_tracker_stage05	chandler|joey	present	1.0000		high	
9	212	455.6	456.12	You're wrong.	Chandler	Okay, you're wrong	Chandler	present	char_tracker_stage05	chandler|joey	present	1.0000		medium	
9	213	456.12	457.12	I'm not wrong.	Joey	I'm not wrong	Joey	present	char_tracker_stage05	chandler|joey	present	1.0000		medium	
9	214	458.0	459.04	I wish I was.	Joey	I wish I was	Joey	present	char_tracker_stage05	joey	present	1.0000		medium	
9	215	461.92	462.8	I'm sorry.	Joey	I'm sorry	Joey	present	char_tracker_stage05	joey	present	1.0000		medium	
9	216	467.44	469.92	Bet that Barry Amandema doesn't sound so bad now, huh?	Joey	I’m not wrong! I wish I was. I’m sorry. Bet that barium enema doesn’t sound so bad now, huh?	Joey	present	char_tracker_stage05	joey	present	1.0000		medium	
10	217	472.88	474.88	See, it just makes more sense as an ensemble.	Monica	It just makes more sense as an ensemble.	Monica	present	char_tracker_stage05	monica	present	1.0000		high	
10	218	474.96	476.8	Besides, it takes the focus off the hat.	Monica	Besides, it takes the focus off the hat.	Monica	present	char_tracker_stage05	monica	present	0.6667		high	
10	219	478.64	479.04	No.				absent	char_tracker_stage05		unknown			low	missing_speaker
10	220	479.04	480.24	Oh, you're alive.	Phoebe	(running through the door) No! Oh! You’re alive! You’re alive!	Phoebe	present	char_tracker_stage05	phoebe	present	0.5000		medium	
10	221	480.24	480.88	You're alive.	Phoebe	no you're alive	Phoebe	present	char_tracker_stage05	phoebe	present	1.0000		low	low_speaker_confidence
10	222	483.18	485.5	See, Phoebes, I promised you no one would die, didn't I?	Rachel	See Pheebs, I promised you no one would die, didn’t I?	Rachel	present	char_tracker_stage05	rachel	present	1.0000		high	
10	223	485.5	486.78	Yeah, well, we'll see about that.	Phoebe	Yeah, well, we’ll see about that. Can I use your phone? I just wanna call everyone I know.	Phoebe	present	char_tracker_stage05	rachel	absent	0.0000		low	speaker_offscreen
10	224	486.78	487.66	Can I use your phone?	Phoebe	Can I use your phone	Phoebe	absent	char_tracker_stage05		absent	0.0000		medium	speaker_no_face
10	225	487.66	489.18	I just want to call everyone I know.	Phoebe	I just wanna call everyone I know	Phoebe	present	char_tracker_stage05	phoebe	present	0.6667		medium	
10	226	489.58	489.98	Sure.	Monica	sure go ahead	Monica	present	char_tracker_stage05	phoebe	absent	0.0000		low	speaker_offscreen
10	227	490.06	490.86	We have no money.	Monica	Sure, we have no money, go ahead.	Monica	present	char_tracker_stage05	phoebe	absent	0.0000		low	speaker_offscreen
10	228	490.86	491.34	Go ahead.	Monica	sure go ahead	Monica	present	char_tracker_stage05	phoebe	absent	0.0000		low	speaker_offscreen
10	229	493.58	494.78	Hey, you're not dead.	Phoebe	(on phone) ‘Hey! You’re not dead! Okay, see ya!’	Phoebe	present	char_tracker_stage05	phoebe	present	1.0000		medium	
10	230	494.94	495.46	Okay.	Phoebe	Okay, see ya	Phoebe	present	char_tracker_stage05	phoebe	present	1.0000		medium	
10	231	495.46	495.98	See ya.	Phoebe	see ya	Phoebe	present	char_tracker_stage05	phoebe	present	1.0000		low	low_speaker_confidence
10	232	499.1	500.06	Marcus.				absent	char_tracker_stage05		unknown			low	missing_speaker
10	233	500.86	501.74	Oh my God.	Monica	Oh my God	Monica	absent	char_tracker_stage05		absent	0.0000		medium	speaker_no_face
10	234	502.14	503.5	He just said my name.	Monica	Oh my God! He just said my name! Did you hear that?	Monica	present	char_tracker_stage05	monica|rachel	present	0.5000		medium	
10	235	503.5	504.26	Did you hear that?	Monica	Did you hear that	Monica	present	char_tracker_stage05	monica|rachel	present	1.0000		medium	
10	236	504.26	512.46	Yeah, okay, I heard that.	Rachel	Okay, I heard that.	Rachel	present	char_tracker_stage05	monica|rachel	present	1.0000		high	
10	237	513.9	515.46	Did he just say Monica bang?	Monica	Did he just say ‘Monica bang’?	Monica	present	char_tracker_stage05	monica	present	1.0000		medium	
10	238	515.46	516.06	Uh huh.	Rachel	Uh-huh.	Rachel	present	char_tracker_stage05	monica	absent	0.0000		low	speaker_offscreen
10	239	516.14	518.14	Oh my God, he's gonna rat me out.	Monica	Oh my God! He’s gonna rat me out!	Monica	present	char_tracker_stage05	monica	present	0.6667		high	
10	240	519.74	520.86	Monica bang.	Ben	Monica bang!	Ben	present	char_tracker_stage05	monica|rachel	unobserved			high	
10	241	523.02	525.98	Sweetie, sweetie, you need to stop saying that now.				present	char_tracker_stage05	monica|rachel	unknown			low	missing_speaker
10	242	526.38	527.34	That's no big deal.				present	char_tracker_stage05	monica|rachel	unknown			low	missing_speaker
10	243	527.34	528.78	It's not even worth mentioning.				present	char_tracker_stage05	monica|rachel	unknown			low	missing_speaker
10	244	529.02	531.1	You see, we all do it all the time.	Monica	Oh-ho-ho, sweetie, sweetie, you gotta stop saying that, now. It’s no big deal, it’s not even worth mentioning, you see we all do it all the time. See watch this, Ben, Ben, Ben. (goes over and starts hitting her head on the post) Ow, Monica bang! (does it again) Everybody bang. (repeats) Ben bang. (repeats) Rachel bang. (repeats) Bang, Rachel bang! Oh, isn’t that fun?	Monica	present	char_tracker_stage05	monica|rachel	present	1.0000		medium	
10	245	531.5	531.86	See?	Monica	See watch this, Ben, Ben, Ben	Monica	present	char_tracker_stage05	monica|rachel	present	1.0000		medium	
10	246	531.86	532.38	Watch this.	Monica	watch this ben ben ben	Monica	present	char_tracker_stage05	monica|rachel	present	0.5000		low	low_speaker_confidence
10	247	532.62	534.22	Pin, pin, pin.				absent	char_tracker_stage05		unknown			low	missing_speaker
10	248	534.3	534.78	Ow.				absent	char_tracker_stage05		unknown			low	missing_speaker
10	249	534.91	535.95	Monica bang.				absent	char_tracker_stage05		unknown			low	missing_speaker
10	250	536.51	537.55	Everybody bang.				present	char_tracker_stage05	monica	unknown			low	missing_speaker
10	251	537.87	538.83	Ben bang.				present	char_tracker_stage05	monica	unknown			low	missing_speaker
10	252	539.07	540.19	Rachel bang.				present	char_tracker_stage05	monica	unknown			low	missing_speaker
10	253	540.91	542.27	Bang, Rachel bang.				present	char_tracker_stage05	monica	unknown			low	missing_speaker
10	254	543.71	544.47	Oh, isn't it?				present	char_tracker_stage05	monica	unknown			low	missing_speaker
10	255	544.47	544.91	Look at that.	Rachel	Look at that	Rachel	present	char_tracker_stage05	monica	absent	0.0000		low	speaker_offscreen
10	256	545.23	546.03	Look at that.	Rachel	Look at that	Rachel	present	char_tracker_stage05	monica	absent	0.0000		low	speaker_offscreen
10	257	546.59	547.63	We all do it.	Rachel	We all do it	Rachel	present	char_tracker_stage05	monica	absent	0.0000		low	speaker_offscreen
10	258	548.19	549.55	Okay, I'm stopping now.	Rachel	(goes over and hits her head on the post) Look at that! (repeats) Look at that! (repeats) We all do it. (repeats) Okay, I’m stopping now.	Rachel	present	char_tracker_stage05	monica|rachel	present	0.5000		medium	
10	259	549.55	550.27	You okay?	Monica	You okay?	Monica	present	char_tracker_stage05	monica|rachel	present	0.5000		high	
10	260	551.15	552.11	Oh, yeah.	Rachel	Oh yeah	Rachel	present	char_tracker_stage05	rachel	present	1.0000		medium	
10	261	552.19	554.67	You know, if it's not a headboard, it's just not worth it.	Rachel	Oh yeah! Y'know, if it’s not a headboard, it’s just not worth it.	Rachel	present	char_tracker_stage05	rachel	present	1.0000		high	
11	262	565.99	567.59	How's my Bing a ling?	Janice	(entering) How’s my Bing-a-ling?	Janice	absent	char_tracker_stage05		unobserved			high	
11	263	569.75	572.63	Uh, I don't know.	Chandler	ah i don't know	Chandler	present	char_tracker_stage05	chandler	present	1.0000		low	low_speaker_confidence
11	264	573.83	574.71	You tell me.	Chandler	Ah, I don't know, you tell me	Chandler	present	char_tracker_stage05	chandler	present	1.0000		medium	
11	265	576.07	580.95	Anything you want to tell me, because if you, you should.	Chandler	Ah, I don’t know, you tell me. Anything you ah, wanna tell me, because, if you ah, you should, if you, you would, tell me.	Chandler	absent	char_tracker_stage05		absent	0.0000		medium	speaker_no_face
11	266	581.59	583.11	You, you tell me.	Chandler	ah i don't know you tell me if you you would tell me	Chandler	present	char_tracker_stage05	chandler	present	1.0000		low	low_speaker_confidence
11	267	585.03	587.97	Why are your eyes so wide?	Janice	Why are your eyes so wide?	Janice	partial	char_tracker_stage05		unobserved			high	
11	268	588.53	589.41	You tell me.	Chandler	You tell me	Chandler	present	char_tracker_stage05	chandler	present	1.0000		medium	
11	269	590.77	593.09	Maybe it's because I was just fooling around with my ex.	Chandler	You tell me! Maybe, it’s because I was just fooling with my ex! Oh no-no-no-no, no-no-no-no, that was you!!	Chandler	present	char_tracker_stage05	chandler	present	1.0000		medium	
11	270	593.33	595.01	Oh, no, no, no, no, no, no.	Chandler	Oh no-no-no-no, no-no-no-no, that was you	Chandler	present	char_tracker_stage05	chandler	present	1.0000		medium	
11	271	595.01	597.73	That was you oh, my God.	Janice	Oh my God!!	Janice	present	char_tracker_stage05	chandler	unobserved			medium	
11	272	597.73	598.37	All right.	Chandler	All right!	Chandler	absent	char_tracker_stage05		absent	0.0000		medium	speaker_no_face
11	273	598.61	599.65	How did you know?	Janice	How did you know?	Janice	absent	char_tracker_stage05		unobserved			high	
11	274	599.65	600.45	Joey told me.	Chandler	Joey told me, he saw you two kissing.	Chandler	present	char_tracker_stage05	chandler	present	0.5000		medium	
11	275	600.45	602.769	He saw you two kissing in the park.	Janice	In the park?	Janice	present	char_tracker_stage05	chandler	unobserved			medium	
11	276	604.37	605.21	I don't know.				present	char_tracker_stage05	chandler	unknown			low	missing_speaker
11	277	605.21	606.05	In his office.	Chandler	In his office	Chandler	present	char_tracker_stage05	chandler	present	1.0000		medium	
11	278	606.13	607.49	How many kisses were there?	Chandler	No! In his office! How many kisses were there?	Chandler	present	char_tracker_stage05	chandler	present	1.0000		high	
11	279	607.81	608.17	Just.	Janice	Just those two!	Janice	present	char_tracker_stage05	chandler	unobserved			medium	
11	280	608.17	608.93	There was two.				absent	char_tracker_stage05		unknown			low	missing_speaker
11	281	609.57	609.97	Why?				absent	char_tracker_stage05		unknown			low	missing_speaker
11	282	610.29	610.69	Why?				present	char_tracker_stage05	chandler	unknown			low	missing_speaker
11	283	610.69	611.05	Why?				present	char_tracker_stage05	chandler	unknown			low	missing_speaker
11	284	611.05	612.01	Why was there kissing?	Chandler	Wh-wh-why, wh-why, why, why was there kissing	Chandler	present	char_tracker_stage05	chandler	present	1.0000		medium	
11	285	612.01	613.17	There should be no kissing.	Chandler	Wh-wh-why, wh-why, why, why was there kissing!? There should be no kissing!!	Chandler	present	char_tracker_stage05	chandler	present	1.0000		medium	
11	286	613.17	614.89	Oh, I'm sorry, honey.				present	char_tracker_stage05	chandler	unknown			low	missing_speaker
11	287	614.89	615.18	I'm sorry.				absent	char_tracker_stage05		unknown			low	missing_speaker
11	288	615.41	616.93	So, so, ha.				absent	char_tracker_stage05		unknown			low	missing_speaker
11	289	617.57	618.93	I'm so, so sorry.				absent	char_tracker_stage05		unknown			low	missing_speaker
11	290	618.93	619.73	I just ha.				present	char_tracker_stage05	chandler	unknown			low	missing_speaker
11	291	621.49	621.85	Oh.				present	char_tracker_stage05	chandler	unknown			low	missing_speaker
11	292	621.85	622.61	What happened was.	Janice	but i oh what happened was i i	Janice	present	char_tracker_stage05	chandler	unobserved			low	low_speaker_confidence
11	293	622.85	624.77	I can't breathe.	Janice	But I, oh what happened was, I-I-I can't breathe	Janice	absent	char_tracker_stage05		unobserved			medium	
11	294	624.85	627.01	Can you get me a bag or something?	Janice	Oh, I’m sorry honey, I’m so, so, (nasally) haaaaa! I’m so, so sorry, I just (nasally) haaaaaa! But I, oh what happened was, I-I-I can’t breathe. Can you get me a bag, or something?	Janice	absent	char_tracker_stage05		unobserved			medium	
11	295	628.37	630.53	Here, here, here.	Chandler	(giving her a bag) Here.	Chandler	absent	char_tracker_stage05		absent	0.0000		medium	speaker_no_face
12	296	634.45	635.49	It's the receipt.	Janice	The receipt.	Janice	absent	char_tracker_stage05		unobserved			high	
12	297	635.57	636.45	I'll take it.	Chandler	I’ll take it! All right look, I gotta know. Are you finished with me? (Janice shakes her head no) Are you finished with him? (Janice shakes her head no) Do you still love him? (Janice shakes her head yes) Do you still love me? (Janice shakes her head yes) All right look, (grabs the bag) I’m gonna need an actual answer here okay, so which is it, him or me? (his phone starts to ring)	Chandler	present	char_tracker_stage05	chandler	present	0.5000		low	low_speaker_confidence
12	298	638.29	639.81	All right, look, I've got to know.	Chandler	All right look, I gotta know	Chandler	present	char_tracker_stage05	chandler	present	1.0000		medium	
12	299	643.14	644.34	Are you finished with me?	Chandler	Are you finished with me	Chandler	present	char_tracker_stage05	chandler	present	1.0000		medium	
12	300	647.46	648.66	Are you finished with him?	Chandler	Are you finished with him	Chandler	present	char_tracker_stage05	chandler	present	1.0000		medium	
12	301	653.38	654.5	Do you still love him?	Chandler	Do you still love him	Chandler	present	char_tracker_stage05	chandler	present	1.0000		medium	
12	302	658.5	659.78	Do you still love me?	Chandler	Do you still love me	Chandler	present	char_tracker_stage05	chandler	present	1.0000		medium	
12	303	662.02	666.58	All right, look, I'm gonna need an actual answer here, okay?	Chandler	All right look, I'm gonna need an actual answer here okay, so which is it, him or me	Chandler	present	char_tracker_stage05	chandler	present	0.8000		medium	
12	304	667.3	671.23	So which is it, him or me?	Chandler	so which is it him or me	Chandler	present	char_tracker_stage05	chandler	present	1.0000		low	low_speaker_confidence
