scene_id	onset	block_distance	depth	is_peak	w	tau_depth	min_spacing
1	2.24	0.6565206050872803		False	1	0.5	30.0
1	8.8	0.884399950504303	0.2278793454170227	False	1	0.5	30.0
2	13.92	0.819402277469635		False	1	0.5	30.0
2	20.72	0.8540704846382141	0.3067741394042969	False	1	0.5	30.0
2	22.8	0.5819645524024963		False	1	0.5	30.0
2	28.48	0.9400707483291626	0.35810619592666626	False	1	0.5	30.0
3	42.94	0.4206770062446594		False	1	0.5	30.0
3	44.06	0.7844847440719604	0.363807737827301	False	1	0.5	30.0
6	61.86	0.6016555428504944		False	1	0.5	30.0
6	63.66	0.6977354288101196	0.5139434337615967	False	1	0.5	30.0
6	65.88	0.2798718810081482		False	1	0.5	30.0
6	68.6	0.8802284002304077		False	1	0.5	30.0
6	70.52	0.9049853086471558	0.9026824831962585	True	1	0.5	30.0
6	72.2	0.845478355884552		False	1	0.5	30.0
6	73.0	0.6906888484954834		False	1	0.5	30.0
6	75.32	0.6274162530899048		False	1	0.5	30.0
6	78.12	0.8384357690811157		False	1	0.5	30.0
6	79.4	0.9274435043334961	0.4466991424560547	False	1	0.5	30.0
6	81.88	0.7807716131210327		False	1	0.5	30.0
6	82.52	0.83452308177948	0.5814334154129028	False	1	0.5	30.0
6	84.6	0.3068411350250244		False	1	0.5	30.0
6	87.28	0.8187481760978699		False	1	0.5	30.0
6	87.64	0.833748459815979	0.5269073247909546	False	1	0.5	30.0
8	96.78	0.5136569738388062		False	1	0.5	30.0
8	98.42	0.7406878471374512	0.4510519504547119	False	1	0.5	30.0
8	98.74	0.5166667699813843		False	1	0.5	30.0
8	100.58	0.7463905811309814		False	1	0.5	30.0
8	101.38	0.7850537300109863	0.3737417459487915	False	1	0.5	30.0
8	102.02	0.6796989440917969		False	1	0.5	30.0
8	102.9	0.7535855770111084	0.37548571825027466	False	1	0.5	30.0
8	103.62	0.45198649168014526		False	1	0.5	30.0
8	105.14	0.8399349451065063		False	1	0.5	30.0
8	106.74	0.8720791935920715	0.7909606099128723	False	1	0.5	30.0
8	111.14	0.5012112855911255		False	1	0.5	30.0
8	113.38	0.568360447883606		False	1	0.5	30.0
8	114.82	0.9601424932479858	1.2867038249969482	True	1	0.5	30.0
8	116.35	0.13236987590789795		False	1	0.5	30.0
8	118.75	0.8007248044013977	0.8920395374298096	False	1	0.5	30.0
8	121.55	0.5770401954650879		False	1	0.5	30.0
8	124.67	0.6290552616119385	0.6165298223495483	False	1	0.5	30.0
8	126.35	0.06454050540924072		False	1	0.5	30.0
8	128.35	0.8746640682220459	1.1653959155082703	False	1	0.5	30.0
8	130.91	0.5193917155265808		False	1	0.5	30.0
8	132.59	0.6517119407653809	0.37411773204803467	False	1	0.5	30.0
8	134.39	0.40991443395614624		False	1	0.5	30.0
8	135.15	0.7564806342124939	0.6432968974113464	False	1	0.5	30.0
8	135.79	0.7564806342124939	0.6432968974113464	False	1	0.5	30.0
8	139.55	0.4924768805503845		False	1	0.5	30.0
8	142.67	0.4597499370574951		False	1	0.5	30.0
10	155.43	0.8525505661964417	0.43969523906707764	False	1	0.5	30.0
10	165.91	0.7484618425369263		False	1	0.5	30.0
10	173.68	0.412855327129364		False	1	0.5	30.0
10	175.92	0.8890477418899536	0.6986542344093323	False	1	0.5	30.0
10	178.64	0.6665859222412109		False	1	0.5	30.0
10	180.72	0.7342637181282043	0.8019415140151978	True	1	0.5	30.0
10	184.56	0.3205258846282959		False	1	0.5	30.0
10	186.8	0.0		False	1	0.5	30.0
12	197.28	0.7822140455245972	0.3897985816001892	False	1	0.5	30.0
12	198.08	0.39241546392440796		False	1	0.5	30.0
12	199.2	0.7444634437561035		False	1	0.5	30.0
12	200.4	0.8164061307907104	0.4239906668663025	False	1	0.5	30.0
14	212.56	0.9318519234657288	0.5677495002746582	True	1	0.5	30.0
14	217.36	0.36410242319107056		False	1	0.5	30.0
15	221.2	0.5110204219818115		False	1	0.5	30.0
15	224.0	0.9506350755691528	0.8480809330940247	False	1	0.5	30.0
15	227.36	0.7965364456176758		False	1	0.5	30.0
15	229.2	0.5421687960624695		False	1	0.5	30.0
15	232.4	0.7383342981338501		False	1	0.5	30.0
15	236.0	0.857387900352478		False	1	0.5	30.0
15	239.24	0.8839714527130127	1.1801238656044006	True	1	0.5	30.0
15	239.68	0.7740346193313599		False	1	0.5	30.0
15	240.72	0.5803595781326294		False	1	0.5	30.0
15	241.84	0.5736973285675049		False	1	0.5	30.0
15	244.0	0.4125556945800781		False	1	0.5	30.0
15	244.92	0.35465461015701294		False	1	0.5	30.0
15	245.44	0.04565024375915527		False	1	0.5	30.0
15	246.56	0.6109973192214966		False	1	0.5	30.0
15	247.28	0.6871607303619385		False	1	0.5	30.0
15	248.4	0.8375065922737122	0.7924674153327942	False	1	0.5	30.0
15	250.32	0.8368955254554749		False	1	0.5	30.0
15	254.88	0.9934390783309937	0.28991585969924927	False	1	0.5	30.0
15	256.03	0.8600667715072632		False	1	0.5	30.0
15	258.03	0.8632535934448242	0.003186821937561035	False	1	0.5	30.0
16	270.19	0.6356323957443237		False	1	0.5	30.0
16	271.31	0.7127612233161926	0.21000874042510986	False	1	0.5	30.0
16	272.43	0.5798813104629517		False	1	0.5	30.0
16	273.95	0.6806749105453491		False	1	0.5	30.0
16	274.75	0.7765475511550903		False	1	0.5	30.0
16	282.89	0.8814721703529358	0.3466736674308777	False	1	0.5	30.0
16	285.53	0.8721169233322144		False	1	0.5	30.0
16	287.05	0.8363893628120422		False	1	0.5	30.0
16	293.45	0.8568675518035889		False	1	0.5	30.0
16	296.81	0.8882966041564941	0.10004186630249023	False	1	0.5	30.0
16	298.25	0.8401619791984558		False	1	0.5	30.0
16	303.21	0.9509372711181641	0.18318569660186768	False	1	0.5	30.0
16	304.25	0.9128544926643372		False	1	0.5	30.0
16	309.69	0.8785268664360046		False	1	0.5	30.0
16	313.59	0.9315667748451233	0.2025599479675293	False	1	0.5	30.0
16	317.35	0.7820467352867126		False	1	0.5	30.0
16	320.63	0.8335077166557312	0.10661059617996216	False	1	0.5	30.0
16	326.39	0.7783581018447876		False	1	0.5	30.0
17	332.07	0.719495415687561	0.4035710096359253	False	1	0.5	30.0
17	333.11	0.31592440605163574		False	1	0.5	30.0
17	333.51	0.6880325675010681		False	1	0.5	30.0
17	334.55	0.7658127546310425		False	1	0.5	30.0
17	338.07	0.8291231989860535	0.5201445817947388	False	1	0.5	30.0
17	340.95	0.8221774101257324		False	1	0.5	30.0
17	343.74	0.9534842371940613	0.32465457916259766	False	1	0.5	30.0
17	351.02	0.9105415344238281		False	1	0.5	30.0
17	352.7	0.7601364850997925		False	1	0.5	30.0
17	354.62	0.8446239233016968	0.6746848821640015	False	1	0.5	30.0
17	357.419	0.2544264793395996		False	1	0.5	30.0
17	357.98	0.8850985765457153	1.2586331963539124	True	1	0.5	30.0
17	360.22	0.2571374773979187		False	1	0.5	30.0
17	367.42	0.8637775182723999	1.1968949437141418	False	1	0.5	30.0
17	370.37	0.8490425944328308		False	1	0.5	30.0
17	374.97	0.27352261543273926		False	1	0.5	30.0
17	376.53	0.9161068201065063	1.1956155896186829	False	1	0.5	30.0
17	379.09	0.7979673147201538		False	1	0.5	30.0
17	385.49	0.3630754351615906		False	1	0.5	30.0
17	391.01	0.8020100593566895		False	1	0.5	30.0
17	396.37	0.8449927568435669	0.828143835067749	True	1	0.5	30.0
17	397.41	0.7124687433242798		False	1	0.5	30.0
17	398.84	0.4987662434577942		False	1	0.5	30.0
17	399.28	0.538772463798523		False	1	0.5	30.0
17	400.44	0.8141334056854248	0.4526903033256531	False	1	0.5	30.0
17	401.48	0.7122058868408203		False	1	0.5	30.0
17	402.24	0.6768102645874023		False	1	0.5	30.0
17	403.4	0.6916458010673523		False	1	0.5	30.0
17	404.04	0.8268232345581055	0.5920728445053101	False	1	0.5	30.0
17	407.4	0.38476336002349854		False	1	0.5	30.0
17	412.04	0.809613823890686		False	1	0.5	30.0
17	415.32	0.8770762085914612	0.49231284856796265	False	1	0.5	30.0
18	429.0	0.5212002396583557		False	1	0.5	30.0
18	431.62	0.8155156373977661	0.7225508689880371	True	1	0.5	30.0
18	434.1	0.3872801661491394		False	1	0.5	30.0
18	437.14	0.9449297189712524	0.557649552822113	False	1	0.5	30.0
19	445.62	0.83621746301651		False	1	0.5	30.0
19	451.3	0.8636156320571899	0.10772907733917236	False	1	0.5	30.0
19	454.58	0.8579652905464172		False	1	0.5	30.0
19	458.02	0.7832847237586975		False	1	0.5	30.0
19	458.98	0.8647609353065491		False	1	0.5	30.0
19	464.58	0.9707056283950806	0.41225987672805786	False	1	0.5	30.0
19	472.66	0.7956199049949646		False	1	0.5	30.0
19	474.02	0.7458666563034058		False	1	0.5	30.0
19	474.98	0.8188811540603638	0.7578229904174805	False	1	0.5	30.0
19	476.86	0.1340726613998413		False	1	0.5	30.0
19	478.74	0.8763625621795654	0.8368099927902222	True	1	0.5	30.0
19	479.94	0.7818424701690674		False	1	0.5	30.0
19	480.58	0.8487050533294678	0.5142276287078857	False	1	0.5	30.0
19	483.22	0.8419481515884399		False	1	0.5	30.0
19	490.67	0.4013400077819824		False	1	0.5	30.0
19	502.03	0.8845398426055908	0.6102547645568848	False	1	0.5	30.0
19	507.39	0.8520247340202332		False	1	0.5	30.0
19	509.07	0.850149929523468		False	1	0.5	30.0
19	509.63	0.7574849128723145		False	1	0.5	30.0
19	513.83	0.7995766401290894	0.4970836639404297	False	1	0.5	30.0
19	515.27	0.6692609786987305		False	1	0.5	30.0
19	516.75	0.34458470344543457		False	1	0.5	30.0
19	517.27	0.7985734343528748	0.4539887309074402	False	1	0.5	30.0
20	540.53	0.8528087139129639	0.19286483526229858	False	1	0.5	30.0
20	542.21	0.8002674579620361		False	1	0.5	30.0
20	547.49	0.7652925848960876		False	1	0.5	30.0
20	548.25	0.6599438786506653		False	1	0.5	30.0
20	548.57	0.7091860175132751		False	1	0.5	30.0
20	548.93	0.8616264462471008	0.3239383101463318	False	1	0.5	30.0
20	552.13	0.7393707036972046		False	1	0.5	30.0
20	559.65	0.9837877154350281	0.8117640614509583	False	1	0.5	30.0
20	562.33	0.6724624633789062		False	1	0.5	30.0
20	563.33	0.4164406657218933		False	1	0.5	30.0
20	565.33	0.8848652243614197	1.260527789592743	False	1	0.5	30.0
20	569.81	0.09276199340820312		False	1	0.5	30.0
20	571.17	0.24331098794937134		False	1	0.5	30.0
20	575.82	0.9100770950317383		False	1	0.5	30.0
20	582.3	0.9248223304748535	1.3522698283195496	True	1	0.5	30.0
20	582.98	0.7635458111763		False	1	0.5	30.0
20	585.74	0.40461283922195435		False	1	0.5	30.0
20	588.34	0.8917176723480225	0.6037744283676147	False	1	0.5	30.0
20	589.58	0.8724220991134644		False	1	0.5	30.0
20	592.86	0.8491469621658325		False	1	0.5	30.0
20	593.42	0.7750480771064758		False	1	0.5	30.0
20	596.38	0.8053072690963745		False	1	0.5	30.0
20	603.07	0.911421537399292	0.3369966745376587	False	1	0.5	30.0
20	604.15	0.7107983231544495		False	1	0.5	30.0
20	604.67	0.7734950184822083		False	1	0.5	30.0
20	606.91	0.894592821598053	0.3028389811515808	False	1	0.5	30.0
20	612.23	0.8107529282569885		False	1	0.5	30.0
20	612.59	0.7755483388900757		False	1	0.5	30.0
20	613.39	0.8374171853065491	0.33987998962402344	False	1	0.5	30.0
20	616.79	0.559406042098999		False	1	0.5	30.0
20	617.39	0.560565710067749	0.0860128402709961	False	1	0.5	30.0
20	618.27	0.47571253776550293		False	1	0.5	30.0
20	619.39	0.8570462465286255		False	1	0.5	30.0
20	620.19	0.8571231365203857		False	1	0.5	30.0
20	623.55	0.955028772354126	0.9785298109054565	True	1	0.5	30.0
20	626.75	0.4558151960372925		False	1	0.5	30.0
20	631.3	0.924816906452179	0.5929492115974426	False	1	0.5	30.0
20	631.94	0.8019570708274841		False	1	0.5	30.0
20	633.38	0.8008694052696228		False	1	0.5	30.0
20	634.42	0.8727943897247314	0.34760159254074097	False	1	0.5	30.0
20	638.34	0.5971177816390991		False	1	0.5	30.0
20	640.98	0.8781728744506836	0.2810550928115845	False	1	0.5	30.0
21	647.7	0.6018310785293579		False	1	0.5	30.0
21	649.38	0.7374962568283081	0.14992177486419678	False	1	0.5	30.0
21	652.74	0.7232396602630615		False	1	0.5	30.0
21	653.78	0.90389484167099	0.289370059967041	False	1	0.5	30.0
21	655.38	0.7951799631118774		False	1	0.5	30.0
21	658.66	0.8297116756439209	0.669227659702301	True	1	0.5	30.0
21	662.01	0.19501572847366333		False	1	0.5	30.0
22	675.45	0.4305184483528137	0.1272115707397461	False	1	0.5	30.0
22	679.29	0.3033068776130676		False	1	0.5	30.0
22	683.37	0.8638842105865479	1.1983274221420288	True	1	0.5	30.0
22	694.11	0.8446373343467712		False	1	0.5	30.0
22	694.75	0.22613412141799927		False	1	0.5	30.0
22	695.35	0.7661228179931641		False	1	0.5	30.0
22	696.27	0.8858396410942078	0.7248229384422302	False	1	0.5	30.0
22	697.51	0.820722222328186		False	1	0.5	30.0
22	701.99	0.830074667930603	0.7092004418373108	False	1	0.5	30.0
22	703.67	0.8020647764205933		False	1	0.5	30.0
22	708.789	0.13022667169570923		False	1	0.5	30.0
23	714.47	0.7099156379699707		False	1	0.5	30.0
23	714.95	0.8150162696838379	0.33983314037323	False	1	0.5	30.0
23	716.63	0.7701694965362549		False	1	0.5	30.0
23	717.75	0.5802837610244751		False	1	0.5	30.0
23	720.24	0.8201611638069153	0.26290011405944824	False	1	0.5	30.0
23	723.68	0.7971384525299072		False	1	0.5	30.0
23	726.08	0.837868332862854	0.04072988033294678	False	1	0.5	30.0
